{"text": " Well.", "segments": [{"id": 0, "seek": 0, "start": 0.0, "end": 0.84, "text": " Well.", "tokens": [50364, 1042, 13, 50406], "temperature": 0.0, "avg_logprob": -0.9330029487609863, "compression_ratio": 0.38461538461538464, "no_speech_prob": 0.47875821590423584}], "language": "en"}